,link_id,reverse_link_id,init_node,term_node,capacity_per_lane,lanes,total_capacity,effective_capacity,length,free_flow_time,b,power,speed,vdf,toll,link_type,assigned_flow,travel_time,v/c
0,1,2,1,40,9999.0,1,9999.0,119988.0,11.059609802908444,0.0011060715874495893,0.0,0.0,9999.0,99,0,99,4306.271597418096,0.0011060715874495893,0.03588918556370717
1,2,1,40,1,9999.0,1,9999.0,119988.0,11.059609802908444,0.0011060715874495893,0.0,0.0,9999.0,99,0,99,4866.999229695027,0.0011060715874495893,0.04056238315244047
2,3,4,2,48,9999.0,1,9999.0,119988.0,8.559916137929003,0.0008560772215150518,0.0,0.0,9999.0,99,0,99,4374.774191301121,0.0008560772215150518,0.036460097603936405
3,4,3,48,2,9999.0,1,9999.0,119988.0,8.559916137929003,0.0008560772215150518,0.0,0.0,9999.0,99,0,99,4508.521774839529,0.0008560772215150518,0.037574772267556164
4,5,6,3,30,9999.0,1,9999.0,119988.0,5.829308285342174,0.0005829891274469621,0.0,0.0,9999.0,99,0,99,4614.392768110818,0.0005829891274469621,0.0384571187794681
5,6,5,30,3,9999.0,1,9999.0,119988.0,5.829308285342174,0.0005829891274469621,0.0,0.0,9999.0,99,0,99,3819.1952307540123,0.0005829891274469621,0.0318298099039405
6,7,8,4,57,9999.0,1,9999.0,119988.0,15.017069366633487,0.0015018571223755863,0.0,0.0,9999.0,99,0,99,5003.835999291404,0.0015018571223755863,0.04170280360778914
7,8,7,57,4,9999.0,1,9999.0,119988.0,15.017069366633487,0.0015018571223755863,0.0,0.0,9999.0,99,0,99,5195.624226510787,0.0015018571223755863,0.04330119867412397
8,9,10,5,52,9999.0,1,9999.0,119988.0,2.7929522289313375,0.0002793231552086546,0.0,0.0,9999.0,99,0,99,4511.319972193926,0.0002793231552086546,0.03759809291090714
9,10,9,52,5,9999.0,1,9999.0,119988.0,2.7929522289313375,0.0002793231552086546,0.0,0.0,9999.0,99,0,99,4550.859433703401,0.0002793231552086546,0.03792762137633264
10,11,12,6,65,9999.0,1,9999.0,119988.0,6.631634060119688,0.0006632297289848673,0.0,0.0,9999.0,99,0,99,4780.225797648565,0.0006632297289848673,0.03983919890029474
11,12,11,65,6,9999.0,1,9999.0,119988.0,6.631634060119688,0.0006632297289848673,0.0,0.0,9999.0,99,0,99,5524.663141786391,0.0006632297289848673,0.04604346386127272
12,13,14,7,51,9999.0,1,9999.0,119988.0,4.902037179124266,0.0004902527431867453,0.0,0.0,9999.0,99,0,99,5487.59431525436,0.0004902527431867453,0.04573452607972764
13,14,13,51,7,9999.0,1,9999.0,119988.0,4.902037179124266,0.0004902527431867453,0.0,0.0,9999.0,99,0,99,3920.912651225216,0.0004902527431867453,0.03267753984752822
14,15,16,8,29,9999.0,1,9999.0,119988.0,3.9257477264262843,0.00039261403404603303,0.0,0.0,9999.0,99,0,99,4352.547774882311,0.00039261403404603303,0.03627485894324692
15,16,15,29,8,9999.0,1,9999.0,119988.0,3.9257477264262843,0.00039261403404603303,0.0,0.0,9999.0,99,0,99,4431.916440436364,0.00039261403404603303,0.036936330636700036
16,17,18,9,49,9999.0,1,9999.0,119988.0,8.642326207675428,0.00086431905267281,0.0,0.0,9999.0,99,0,99,4373.344695466038,0.00086431905267281,0.036448183947278376
17,18,17,49,9,9999.0,1,9999.0,119988.0,8.642326207675428,0.00086431905267281,0.0,0.0,9999.0,99,0,99,5702.996245471263,0.00086431905267281,0.04752972168442897
18,19,20,10,29,9999.0,1,9999.0,119988.0,15.798312144158436,0.0015799892133371773,0.0,0.0,9999.0,99,0,99,4079.1794182613485,0.0015799892133371773,0.03399656147499207
19,20,19,29,10,9999.0,1,9999.0,119988.0,15.798312144158436,0.0015799892133371773,0.0,0.0,9999.0,99,0,99,5144.647984340393,0.0015799892133371773,0.042876354171587104
20,21,22,11,40,9999.0,1,9999.0,119988.0,5.7442594845091515,0.0005744833967905942,0.0,0.0,9999.0,99,0,99,4960.573051375963,0.0005744833967905942,0.04134224298576493
21,22,21,40,11,9999.0,1,9999.0,119988.0,5.7442594845091515,0.0005744833967905942,0.0,0.0,9999.0,99,0,99,5042.641330164173,0.0005744833967905942,0.04202621370607205
22,23,24,12,43,9999.0,1,9999.0,119988.0,10.718666810470829,0.0010719738784349263,0.0,0.0,9999.0,99,0,99,5160.209816141585,0.0010719738784349263,0.04300604907275382
23,24,23,43,12,9999.0,1,9999.0,119988.0,10.718666810470829,0.0010719738784349263,0.0,0.0,9999.0,99,0,99,4172.810544719963,0.0010719738784349263,0.03477689889588928
24,25,26,13,45,9999.0,1,9999.0,119988.0,4.31567580444417,0.00043161074151856885,0.0,0.0,9999.0,99,0,99,4549.4514915121445,0.00043161074151856885,0.03791588735133634
25,26,25,45,13,9999.0,1,9999.0,119988.0,4.31567580444417,0.00043161074151856885,0.0,0.0,9999.0,99,0,99,4185.392788161774,0.00043161074151856885,0.03488176141082253
26,27,28,14,29,9999.0,1,9999.0,119988.0,6.037431959522916,0.0006038035763099226,0.0,0.0,9999.0,99,0,99,3698.996132351819,0.0006038035763099226,0.030828050574655957
27,28,27,29,14,9999.0,1,9999.0,119988.0,6.037431959522916,0.0006038035763099226,0.0,0.0,9999.0,99,0,99,4689.565655033504,0.0006038035763099226,0.039083622154161286
28,29,30,15,30,9999.0,1,9999.0,119988.0,1.9962627982660777,0.00019964624445105287,0.0,0.0,9999.0,99,0,99,4874.8988928704475,0.00019964624445105287,0.040628220262613327
29,30,29,30,15,9999.0,1,9999.0,119988.0,1.9962627982660777,0.00019964624445105287,0.0,0.0,9999.0,99,0,99,4649.735113056749,0.00019964624445105287,0.038751667775583795
30,31,32,16,40,9999.0,1,9999.0,119988.0,5.187922668359257,0.0005188441512510508,0.0,0.0,9999.0,99,0,99,4319.249685138508,0.0005188441512510508,0.035997347110865316
31,32,31,40,16,9999.0,1,9999.0,119988.0,5.187922668359257,0.0005188441512510508,0.0,0.0,9999.0,99,0,99,4427.277643851012,0.0005188441512510508,0.036897670132438345
32,33,34,17,62,9999.0,1,9999.0,119988.0,4.848533461837664,0.0004849018363674031,0.0,0.0,9999.0,99,0,99,4661.840990673109,0.0004849018363674031,0.03885256017829374
33,34,33,62,17,9999.0,1,9999.0,119988.0,4.848533461837664,0.0004849018363674031,0.0,0.0,9999.0,99,0,99,5006.605779485776,0.0004849018363674031,0.04172588741778991
34,35,36,18,51,9999.0,1,9999.0,119988.0,6.35996118678795,0.0006360597246512601,0.0,0.0,9999.0,99,0,99,3928.05071898887,0.0006360597246512601,0.03273702969454337
35,36,35,51,18,9999.0,1,9999.0,119988.0,6.35996118678795,0.0006360597246512601,0.0,0.0,9999.0,99,0,99,5355.736528608845,0.0006360597246512601,0.0446356012985369
36,37,38,19,65,9999.0,1,9999.0,119988.0,4.375304283615691,0.0004375741857801471,0.0,0.0,9999.0,99,0,99,5026.698630004409,0.0004375741857801471,0.041893344584495194
37,38,37,65,19,9999.0,1,9999.0,119988.0,4.375304283615691,0.0004375741857801471,0.0,0.0,9999.0,99,0,99,4425.6417593831,0.0004375741857801471,0.03688403639849902
38,39,40,20,29,9999.0,1,9999.0,119988.0,10.12122406850863,0.0010122236292137844,0.0,0.0,9999.0,99,0,99,5194.052067733163,0.0010122236292137844,0.043288096040713764
39,40,39,29,20,9999.0,1,9999.0,119988.0,10.12122406850863,0.0010122236292137844,0.0,0.0,9999.0,99,0,99,4263.191285034919,0.0010122236292137844,0.035530147056663325
40,41,42,21,39,9999.0,1,9999.0,119988.0,2.1816299976418416,0.00021818481824600877,0.0,0.0,9999.0,99,0,99,4703.970249413402,0.00021818481824600877,0.039203672445689584
41,42,41,39,21,9999.0,1,9999.0,119988.0,2.1816299976418416,0.00021818481824600877,0.0,0.0,9999.0,99,0,99,5410.302838576976,0.00021818481824600877,0.045090366024743936
42,43,44,22,33,9999.0,1,9999.0,119988.0,5.667432960811108,0.0005667999760787186,0.0,0.0,9999.0,99,0,99,5097.181333655236,0.0005667999760787186,0.04248075918971261
43,44,43,33,22,9999.0,1,9999.0,119988.0,5.667432960811108,0.0005667999760787186,0.0,0.0,9999.0,99,0,99,3663.735107599104,0.0005667999760787186,0.03053417931459066
44,45,46,23,43,9999.0,1,9999.0,119988.0,1.6412444341482928,0.00016414085750057934,0.0,0.0,9999.0,99,0,99,5234.577545418469,0.00016414085750057934,0.04362584212936684
45,46,45,43,23,9999.0,1,9999.0,119988.0,1.6412444341482928,0.00016414085750057934,0.0,0.0,9999.0,99,0,99,4364.633648015651,0.00016414085750057934,0.03637558462525962
46,47,48,24,56,9999.0,1,9999.0,119988.0,3.182978090945098,0.00031832964205871566,0.0,0.0,9999.0,99,0,99,5360.210406731429,0.00031832964205871566,0.04467288734482973
47,48,47,56,24,9999.0,1,9999.0,119988.0,3.182978090945098,0.00031832964205871566,0.0,0.0,9999.0,99,0,99,4567.43525652214,0.00031832964205871566,0.038065767047722604
48,49,50,25,35,9999.0,1,9999.0,119988.0,9.497740582347095,0.0009498690451392234,0.0,0.0,9999.0,99,0,99,4408.052796504289,0.0009498690451392234,0.0367374470489073
49,50,49,35,25,9999.0,1,9999.0,119988.0,9.497740582347095,0.0009498690451392234,0.0,0.0,9999.0,99,0,99,5170.458701364762,0.0009498690451392234,0.043091464991205475
50,51,52,26,32,300.0,1,300.0,3600.0,23.794482761381442,0.7931494253793814,0.25,6.0,30.0,3,0,3,21.8085255365178,0.7931494253793913,0.006057923760143833
51,52,51,32,26,300.0,1,300.0,3600.0,23.794482761381442,0.7931494253793814,0.25,6.0,30.0,3,0,3,11.671636403692908,0.7931494253793816,0.00324212122324803
52,53,54,26,41,300.0,1,300.0,3600.0,21.514421503353336,0.7171473834451112,0.25,6.0,30.0,3,0,3,24.60152823561003,0.7171473834451295,0.006833757843225008
53,54,53,41,26,300.0,1,300.0,3600.0,21.514421503353336,0.7171473834451112,0.25,6.0,30.0,3,0,3,20.96170043408904,0.7171473834451182,0.005822694565024733
54,55,56,26,48,900.0,2,1800.0,21600.0,10.41441744185445,0.23143149870787666,0.2,5.0,45.0,2,0,2,2319.1706391504267,0.23143215916895396,0.10736901107177901
55,56,55,48,26,900.0,2,1800.0,21600.0,10.41441744185445,0.23143149870787666,0.2,5.0,45.0,2,0,2,1753.7620258037725,0.2314316620269917,0.08119268637980429
56,57,58,26,52,300.0,1,300.0,3600.0,33.45901868409732,1.115300622803244,0.25,6.0,30.0,3,0,3,0.0,1.115300622803244,0.0
57,58,57,52,26,300.0,1,300.0,3600.0,33.45901868409732,1.115300622803244,0.25,6.0,30.0,3,0,3,0.0,1.115300622803244,0.0
58,59,60,26,55,900.0,2,1800.0,21600.0,26.919824309924877,0.5982183179983306,0.2,5.0,45.0,2,0,2,799.796187825505,0.5982183263258872,0.037027601288217825
59,60,59,55,26,900.0,2,1800.0,21600.0,26.919824309924877,0.5982183179983306,0.2,5.0,45.0,2,0,2,1033.4448513019754,0.5982183479939253,0.04784466904175812
60,61,62,26,56,300.0,1,300.0,3600.0,11.398209837898937,0.37994032792996457,0.25,6.0,30.0,3,0,3,1058.9139568108249,0.3800018462450537,0.2941427657807847
61,62,61,56,26,300.0,1,300.0,3600.0,11.398209837898937,0.37994032792996457,0.25,6.0,30.0,3,0,3,1376.5406929666572,0.38023720367978775,0.3823724147129603
62,63,64,26,57,900.0,2,1800.0,21600.0,27.437244412593547,0.6097165425020789,0.2,5.0,45.0,2,0,2,86.78185452924812,0.6097165425022065,0.004017678450428154
63,64,63,57,26,900.0,2,1800.0,21600.0,27.437244412593547,0.6097165425020789,0.2,5.0,45.0,2,0,2,114.69178517794428,0.6097165425025936,0.005309804869349273
64,65,66,27,29,900.0,2,1800.0,21600.0,17.06375118159418,0.37919447070209295,0.2,5.0,45.0,2,0,2,6820.519488162876,0.37943254390058784,0.31576479111865163
65,66,65,29,27,900.0,2,1800.0,21600.0,17.06375118159418,0.37919447070209295,0.2,5.0,45.0,2,0,2,5252.9123566346225,0.3792589802517055,0.2431903868812325
66,67,68,27,33,900.0,2,1800.0,21600.0,26.15838268148941,0.4359730446914902,0.15,4.0,60.0,1,0,2,1902.0714596595901,0.43597697696039805,0.08805886387312917
67,68,67,33,27,900.0,2,1800.0,21600.0,26.15838268148941,0.4359730446914902,0.15,4.0,60.0,1,0,2,1827.506144096961,0.43597639566717056,0.08460676593041486
68,69,70,27,37,1800.0,3,5400.0,64800.0,14.222947264045738,0.23704912106742895,0.15,4.0,60.0,1,0,1,215.38747303519415,0.23704912107176918,0.003323880756715959
69,70,69,37,27,1800.0,3,5400.0,64800.0,14.222947264045738,0.23704912106742895,0.15,4.0,60.0,1,0,1,206.86122937209265,0.23704912107112164,0.0031923029224088374
70,71,72,27,45,1800.0,3,5400.0,64800.0,22.248016789449277,0.37080027982415464,0.15,4.0,60.0,1,0,1,2973.7963346835245,0.37080052652814616,0.04589191874511612
71,72,71,45,27,1800.0,3,5400.0,64800.0,22.248016789449277,0.37080027982415464,0.15,4.0,60.0,1,0,1,3543.835699840806,0.3708007773614077,0.054688822528407496
72,73,74,27,52,1800.0,3,5400.0,64800.0,34.767074287410125,0.5794512381235021,0.15,4.0,60.0,1,0,1,2776.550915500841,0.5794515310985933,0.042848007955259886
73,74,73,52,27,1800.0,3,5400.0,64800.0,34.767074287410125,0.5794512381235021,0.15,4.0,60.0,1,0,1,3834.9960378789538,0.5794523043950214,0.059182037621588794
74,75,76,27,58,300.0,1,300.0,3600.0,20.066056297419497,0.6688685432473166,0.25,6.0,30.0,3,0,3,125.6228494525318,0.6688685435492266,0.03489523595903661
75,76,75,58,27,300.0,1,300.0,3600.0,20.066056297419497,0.6688685432473166,0.25,6.0,30.0,3,0,3,147.8370526711173,0.6688685440493004,0.04106584796419925
76,77,78,28,30,300.0,1,300.0,3600.0,25.106341932350272,0.8368780644116758,0.25,6.0,30.0,3,0,3,79.86471737421869,0.8368780644366169,0.022184643715060747
77,78,77,30,28,300.0,1,300.0,3600.0,25.106341932350272,0.8368780644116758,0.25,6.0,30.0,3,0,3,134.3581733954155,0.8368780649770965,0.03732171483205986
78,79,80,28,34,300.0,1,300.0,3600.0,40.98641813829474,1.366213937943158,0.25,6.0,30.0,3,0,3,0.0,1.366213937943158,0.0
79,80,79,34,28,300.0,1,300.0,3600.0,40.98641813829474,1.366213937943158,0.25,6.0,30.0,3,0,3,0.0,1.366213937943158,0.0
80,81,82,28,37,900.0,2,1800.0,21600.0,85.97652617050898,1.9105894704557551,0.2,5.0,45.0,2,0,2,0.0,1.9105894704557551,0.0
81,82,81,37,28,900.0,2,1800.0,21600.0,85.97652617050898,1.9105894704557551,0.2,5.0,45.0,2,0,2,0.0,1.9105894704557551,0.0
82,83,84,28,40,300.0,1,300.0,3600.0,14.504547200491354,0.4834849066830451,0.25,6.0,30.0,3,0,3,685.8911459481563,0.4834906881640748,0.19052531831893232
83,84,83,40,28,300.0,1,300.0,3600.0,14.504547200491354,0.4834849066830451,0.25,6.0,30.0,3,0,3,658.3189954829712,0.4834894265561772,0.18286638763415866
84,85,86,28,42,1800.0,3,5400.0,64800.0,37.12499620994893,0.6187499368324823,0.15,4.0,60.0,1,0,1,578.4542781087525,0.6187499374218448,0.008926763551060996
85,86,85,42,28,1800.0,3,5400.0,64800.0,37.12499620994893,0.6187499368324823,0.15,4.0,60.0,1,0,1,551.5329725527408,0.6187499373195533,0.008511311304826248
86,87,88,29,33,300.0,1,300.0,3600.0,11.706052848816768,0.3902017616272256,0.25,6.0,30.0,3,0,3,4964.593655953479,1.0611924258496068,1.379053793320411
87,88,87,33,29,300.0,1,300.0,3600.0,11.706052848816768,0.3902017616272256,0.25,6.0,30.0,3,0,3,4997.7319935583355,1.0885177867749878,1.3882588870995376
88,89,90,29,37,300.0,1,300.0,3600.0,27.526167573688642,0.9175389191229547,0.25,6.0,30.0,3,0,3,41.89247651169682,0.9175389191235244,0.011636799031026894
89,90,89,37,29,300.0,1,300.0,3600.0,27.526167573688642,0.9175389191229547,0.25,6.0,30.0,3,0,3,70.86557520083461,0.9175389191363009,0.019684882000231836
90,91,92,29,39,300.0,1,300.0,3600.0,18.17805321626479,0.6059351072088263,0.25,6.0,30.0,3,0,3,3167.609425944708,0.6762327689525397,0.8798915072068634
91,92,91,39,29,300.0,1,300.0,3600.0,18.17805321626479,0.6059351072088263,0.25,6.0,30.0,3,0,3,3038.1711303095253,0.6606649896785209,0.8439364250859792
92,93,94,29,42,300.0,1,300.0,3600.0,24.506290450603338,0.8168763483534446,0.25,6.0,30.0,3,0,3,1407.1794522243122,0.8176047622710595,0.39088318117342
93,94,93,42,29,300.0,1,300.0,3600.0,24.506290450603338,0.8168763483534446,0.25,6.0,30.0,3,0,3,1111.445151653791,0.8170532001761097,0.3087347643482753
94,95,96,30,40,900.0,2,1800.0,21600.0,11.270404245752408,0.18784007076254014,0.15,4.0,60.0,1,0,2,9036.18407960338,0.18870305880007118,0.4183418555371935
95,96,95,40,30,900.0,2,1800.0,21600.0,11.270404245752408,0.18784007076254014,0.15,4.0,60.0,1,0,2,8183.474495873938,0.18842058841538922,0.3788645599941638
96,97,98,30,42,300.0,1,300.0,3600.0,13.265735706876438,0.4421911902292146,0.25,6.0,30.0,3,0,3,5368.412453694394,1.6578461910754851,1.491225681581776
97,98,97,42,30,300.0,1,300.0,3600.0,13.265735706876438,0.4421911902292146,0.25,6.0,30.0,3,0,3,5524.424182959837,1.8858255037575207,1.534562273044399
98,99,100,30,50,300.0,1,300.0,3600.0,18.128955276044767,0.6042985092014922,0.25,6.0,30.0,3,0,3,3969.80514987713,0.8759372268999758,1.1027236527436473
99,100,99,50,30,300.0,1,300.0,3600.0,18.128955276044767,0.6042985092014922,0.25,6.0,30.0,3,0,3,3736.411111932552,0.7931430596749561,1.03789197553682
100,101,102,30,51,300.0,1,300.0,3600.0,15.995405303353275,0.5331801767784425,0.25,6.0,30.0,3,0,3,5046.149352753985,1.5441998358973794,1.4017081535427736
101,102,101,51,30,300.0,1,300.0,3600.0,15.995405303353275,0.5331801767784425,0.25,6.0,30.0,3,0,3,5010.373384013252,1.5019476489428565,1.3917703844481255
102,103,104,31,33,900.0,2,1800.0,21600.0,11.890475591816564,0.19817459319694272,0.15,4.0,60.0,1,0,2,2640.068897532466,0.19818122734672858,0.12222541192279936
103,104,103,33,31,900.0,2,1800.0,21600.0,11.890475591816564,0.19817459319694272,0.15,4.0,60.0,1,0,2,2995.144513461595,0.1981855831378255,0.13866409784544423
104,105,106,31,39,1800.0,3,5400.0,64800.0,2.711912358644349,0.04519853931073915,0.15,4.0,60.0,1,0,1,5065.679137816527,0.04519879251228172,0.07817406076877356
105,106,105,39,31,1800.0,3,5400.0,64800.0,2.711912358644349,0.04519853931073915,0.15,4.0,60.0,1,0,1,4891.785768408524,0.045198759494533926,0.07549052111741548
106,107,108,31,42,300.0,1,300.0,3600.0,5.867922673809335,0.19559742246031114,0.25,6.0,30.0,3,0,3,2715.0479204285184,0.20459557035694806,0.7541799778968107
107,108,107,42,31,300.0,1,300.0,3600.0,5.867922673809335,0.19559742246031114,0.25,6.0,30.0,3,0,3,2636.926580709226,0.20314967249015908,0.7324796057525628
108,109,110,31,60,1800.0,3,5400.0,64800.0,17.086067406799796,0.2847677901133299,0.15,4.0,60.0,1,0,1,3188.2274846065043,0.28476804042396725,0.04920104142911272
109,110,109,60,31,1800.0,3,5400.0,64800.0,17.086067406799796,0.2847677901133299,0.15,4.0,60.0,1,0,1,3085.1665778046745,0.284768009594149,0.04761059533649189
110,111,112,32,41,1800.0,3,5400.0,64800.0,3.8446488426743053,0.06407748071123842,0.15,4.0,60.0,1,0,1,5363.66651624085,0.06407793188489712,0.08277263142346991
111,112,111,41,32,1800.0,3,5400.0,64800.0,3.8446488426743053,0.06407748071123842,0.15,4.0,60.0,1,0,1,5405.8815872293635,0.06407794625742987,0.08342409856835438
112,113,114,32,45,900.0,2,1800.0,21600.0,10.290230079643111,0.17150383466071853,0.15,4.0,60.0,1,0,2,3725.061649143564,0.1715265900331518,0.17245655783072056
113,114,113,45,32,900.0,2,1800.0,21600.0,10.290230079643111,0.17150383466071853,0.15,4.0,60.0,1,0,2,3524.793260435594,0.1715220771746679,0.16318487316831454
114,115,116,32,52,1800.0,3,5400.0,64800.0,25.579463743295598,0.4263243957215933,0.15,4.0,60.0,1,0,1,6349.5642940316775,0.4263302910380289,0.09798710330295798
115,116,115,52,32,1800.0,3,5400.0,64800.0,25.579463743295598,0.4263243957215933,0.15,4.0,60.0,1,0,1,6361.132549686256,0.42633033411823235,0.09816562576676321
116,117,118,32,63,300.0,1,300.0,3600.0,5.107717792648819,0.17025725975496062,0.25,6.0,30.0,3,0,3,1193.7495528924214,0.17031384588260673,0.3315970980256726
117,118,117,63,32,300.0,1,300.0,3600.0,5.107717792648819,0.17025725975496062,0.25,6.0,30.0,3,0,3,1330.0977258244757,0.17036553569148158,0.3694715905067988
118,119,120,33,39,1800.0,3,5400.0,64800.0,11.707450665073742,0.19512417775122903,0.15,4.0,60.0,1,0,1,3569.6327770675143,0.19512444727463396,0.055086925572029544
119,120,119,39,33,1800.0,3,5400.0,64800.0,11.707450665073742,0.19512417775122903,0.15,4.0,60.0,1,0,1,2932.52252232357,0.19512430051430074,0.04525497719635139
120,121,122,33,52,300.0,1,300.0,3600.0,21.5391303917768,0.7179710130592267,0.25,6.0,30.0,3,0,3,618.6763491305607,0.7179756370078396,0.17185454142515574
121,122,121,52,33,300.0,1,300.0,3600.0,21.5391303917768,0.7179710130592267,0.25,6.0,30.0,3,0,3,599.3280311904135,0.7179748344324677,0.16648000866400375
122,123,124,33,60,1800.0,3,5400.0,64800.0,19.02955215435604,0.31715920257260066,0.15,4.0,60.0,1,0,1,4797.17334885722,0.3171606315001251,0.07403045291446327
123,124,123,60,33,1800.0,3,5400.0,64800.0,19.02955215435604,0.31715920257260066,0.15,4.0,60.0,1,0,1,4333.834333456535,0.317160154399066,0.06688015946692184
124,125,126,34,35,300.0,1,300.0,3600.0,12.790232525806534,0.42634108419355116,0.25,6.0,30.0,3,0,3,961.3782188321039,0.4263797429482399,0.26704950523113996
125,126,125,35,34,300.0,1,300.0,3600.0,12.790232525806534,0.42634108419355116,0.25,6.0,30.0,3,0,3,772.8311276400162,0.4263515167279523,0.21467531323333786
126,127,128,34,40,300.0,1,300.0,3600.0,33.04689845383779,1.101563281794593,0.25,6.0,30.0,3,0,3,264.29995079419473,1.1015633249183856,0.07341665299838743
127,128,127,40,34,300.0,1,300.0,3600.0,33.04689845383779,1.101563281794593,0.25,6.0,30.0,3,0,3,287.3749861260246,1.1015633530517082,0.07982638503500684
128,129,130,34,44,1800.0,3,5400.0,64800.0,25.07744512662897,0.4179574187771495,0.15,4.0,60.0,1,0,1,180.85563867804927,0.41795741878095355,0.0027909820783649578
129,130,129,44,34,1800.0,3,5400.0,64800.0,25.07744512662897,0.4179574187771495,0.15,4.0,60.0,1,0,1,198.49676852647232,0.41795741878266945,0.0030632217365196344
130,131,132,34,50,1800.0,3,5400.0,64800.0,19.454767026032748,0.3242461171005458,0.15,4.0,60.0,1,0,1,666.1869583156443,0.3242461176438593,0.01028066293696982
131,132,131,50,34,1800.0,3,5400.0,64800.0,19.454767026032748,0.3242461171005458,0.15,4.0,60.0,1,0,1,814.0178843274787,0.3242461183117066,0.012562004387769733
132,133,134,35,44,900.0,2,1800.0,21600.0,24.68352662952565,0.4113921104920942,0.15,4.0,60.0,1,0,2,3072.7040727023104,0.41141738106904474,0.14225481818066252
133,134,133,44,35,900.0,2,1800.0,21600.0,24.68352662952565,0.4113921104920942,0.15,4.0,60.0,1,0,2,3716.6902563334424,0.41144620556241046,0.1720689933487705
134,135,136,35,47,900.0,2,1800.0,21600.0,12.125534565154547,0.26945632367010103,0.2,5.0,45.0,2,0,2,623.7627456519579,0.2694563247523989,0.028877904891294347
135,136,135,47,35,900.0,2,1800.0,21600.0,12.125534565154547,0.26945632367010103,0.2,5.0,45.0,2,0,2,565.8680559174326,0.2694563243351069,0.02619759518136262
136,137,138,35,49,300.0,1,300.0,3600.0,23.37283114544638,0.7790943715148794,0.25,6.0,30.0,3,0,3,142.41075085121884,0.7790943722612795,0.03955854190311634
137,138,137,49,35,300.0,1,300.0,3600.0,23.37283114544638,0.7790943715148794,0.25,6.0,30.0,3,0,3,130.17807062299522,0.779094371950333,0.03616057517305423
138,139,140,36,38,1800.0,3,5400.0,64800.0,25.727607391722465,0.42879345652870776,0.15,4.0,60.0,1,0,1,79.8732038027689,0.4287934565288562,0.0012326111697958163
139,140,139,38,36,1800.0,3,5400.0,64800.0,25.727607391722465,0.42879345652870776,0.15,4.0,60.0,1,0,1,75.6414489939116,0.42879345652882717,0.0011673063116344382
140,141,142,36,43,1800.0,3,5400.0,64800.0,7.759295163472633,0.12932158605787722,0.15,4.0,60.0,1,0,1,6489.42592312492,0.12932353719312759,0.10014546177661914
141,142,141,43,36,1800.0,3,5400.0,64800.0,7.759295163472633,0.12932158605787722,0.15,4.0,60.0,1,0,1,6964.54070392431,0.1293241744625889,0.10747747999883195
142,143,144,36,46,900.0,2,1800.0,21600.0,9.074723208767336,0.20166051575038527,0.2,5.0,45.0,2,0,2,4689.800536866754,0.2016799762494498,0.21712039522531268
143,144,143,46,36,900.0,2,1800.0,21600.0,9.074723208767336,0.20166051575038527,0.2,5.0,45.0,2,0,2,4741.795421553816,0.2016810792098043,0.21952756581267666
144,145,146,36,61,1800.0,3,5400.0,64800.0,3.9376664367198373,0.06562777394533062,0.15,4.0,60.0,1,0,1,5638.871007683628,0.06562833842401766,0.08701961431610537
145,146,145,61,36,1800.0,3,5400.0,64800.0,3.9376664367198373,0.06562777394533062,0.15,4.0,60.0,1,0,1,5379.008674634182,0.06562824134444775,0.08300939312707072
146,147,148,36,62,1800.0,3,5400.0,64800.0,29.22199652981703,0.4870332754969505,0.15,4.0,60.0,1,0,1,1972.2386945156386,0.487033338185435,0.0304357823227722
147,148,147,62,36,1800.0,3,5400.0,64800.0,29.22199652981703,0.4870332754969505,0.15,4.0,60.0,1,0,1,1751.902699016673,0.48703331452616383,0.027035535478652364
148,149,150,36,65,300.0,1,300.0,3600.0,17.545081041330988,0.584836034711033,0.25,6.0,30.0,3,0,3,183.56942590497553,0.5848360372811993,0.050991507195826534
149,150,149,65,36,300.0,1,300.0,3600.0,17.545081041330988,0.584836034711033,0.25,6.0,30.0,3,0,3,140.88984377579484,0.5848360352363691,0.03913606771549857
150,151,152,37,42,1800.0,3,5400.0,64800.0,51.40983694974664,0.8568306158291107,0.15,4.0,60.0,1,0,1,0.0,0.8568306158291107,0.0
151,152,151,42,37,1800.0,3,5400.0,64800.0,51.40983694974664,0.8568306158291107,0.15,4.0,60.0,1,0,1,0.0,0.8568306158291107,0.0
152,153,154,37,58,1800.0,3,5400.0,64800.0,22.371850751019867,0.37286417918366443,0.15,4.0,60.0,1,0,1,194.8880593733487,0.3728641791882404,0.0030075317804529123
153,154,153,58,37,1800.0,3,5400.0,64800.0,22.371850751019867,0.37286417918366443,0.15,4.0,60.0,1,0,1,215.33491439938499,0.3728641791904847,0.0033230696666571758
154,155,156,38,59,300.0,1,300.0,3600.0,16.798403899898453,0.5599467966632817,0.25,6.0,30.0,3,0,3,28.05129567734777,0.559946796663313,0.007792026577041047
155,156,155,59,38,300.0,1,300.0,3600.0,16.798403899898453,0.5599467966632817,0.25,6.0,30.0,3,0,3,25.841612164609128,0.5599467966633008,0.007178225601280314
156,157,158,38,62,300.0,1,300.0,3600.0,16.83119902968459,0.561039967656153,0.25,6.0,30.0,3,0,3,188.92290955716936,0.5610399705858761,0.0524785859881026
157,158,157,62,38,300.0,1,300.0,3600.0,16.83119902968459,0.561039967656153,0.25,6.0,30.0,3,0,3,140.73719334815092,0.5610399681568468,0.03909366481893081
158,159,160,38,65,900.0,2,1800.0,21600.0,14.663854861717532,0.24439758102862552,0.15,4.0,60.0,1,0,2,145.3127125179475,0.24439758110371645,0.006727440394349421
159,160,159,65,38,900.0,2,1800.0,21600.0,14.663854861717532,0.24439758102862552,0.15,4.0,60.0,1,0,2,191.47635743084726,0.24439758125500327,0.00886464617735404
160,161,162,39,42,1800.0,3,5400.0,64800.0,6.4340561582608515,0.10723426930434753,0.15,4.0,60.0,1,0,1,6988.016179911195,0.10723644471093792,0.10783975586282708
161,162,161,42,39,1800.0,3,5400.0,64800.0,6.4340561582608515,0.10723426930434753,0.15,4.0,60.0,1,0,1,6753.90684928764,0.10723616751802521,0.10422695755073519
162,163,164,40,50,300.0,1,300.0,3600.0,21.044036167480705,0.7014678722493568,0.25,6.0,30.0,3,0,3,3961.0132534622176,1.0126184144841877,1.1002814592950605
163,164,163,50,40,300.0,1,300.0,3600.0,21.044036167480705,0.7014678722493568,0.25,6.0,30.0,3,0,3,3854.6304243770724,0.965726550558568,1.0707306734380757
164,165,166,41,48,900.0,2,1800.0,21600.0,14.611244771638255,0.3246943282586279,0.2,5.0,45.0,2,0,2,2335.1775069684318,0.32469528729579006,0.10811006976705703
165,166,165,48,41,900.0,2,1800.0,21600.0,14.611244771638255,0.3246943282586279,0.2,5.0,45.0,2,0,2,2477.734794095277,0.32469561802200236,0.11470994417107763
166,167,168,41,53,1800.0,3,5400.0,64800.0,15.854095105861509,0.26423491843102515,0.15,4.0,60.0,1,0,1,898.7415206136926,0.2642349198976555,0.013869467910705133
167,168,167,53,41,1800.0,3,5400.0,64800.0,15.854095105861509,0.26423491843102515,0.15,4.0,60.0,1,0,1,930.9839410002584,0.26423492011971617,0.014367036126547198
168,169,170,41,63,900.0,2,1800.0,21600.0,6.865470006575243,0.11442450010958738,0.15,4.0,60.0,1,0,2,1693.8653805872848,0.11442514920844686,0.07841969354570763
169,170,169,63,41,900.0,2,1800.0,21600.0,6.865470006575243,0.11442450010958738,0.15,4.0,60.0,1,0,2,1497.3666074263651,0.11442489648604608,0.06932252812159098
170,171,172,41,64,900.0,2,1800.0,21600.0,10.526807403075612,0.23392905340168027,0.2,5.0,45.0,2,0,2,3189.7100545950084,0.23393233890144366,0.14767176178680594
171,172,171,64,41,900.0,2,1800.0,21600.0,10.526807403075612,0.23392905340168027,0.2,5.0,45.0,2,0,2,3249.984363429506,0.2339326612789926,0.15046223904766232
172,173,174,42,51,900.0,2,1800.0,21600.0,21.06266897776489,0.35104448296274815,0.15,4.0,60.0,1,0,2,4457.929899231213,0.35114001990698906,0.20638564348292654
173,174,173,51,42,900.0,2,1800.0,21600.0,21.06266897776489,0.35104448296274815,0.15,4.0,60.0,1,0,2,4238.809917045577,0.351122576334341,0.19624119986322117
174,175,176,42,60,1800.0,3,5400.0,64800.0,19.97370649332976,0.3328951082221627,0.15,4.0,60.0,1,0,1,1652.7088813907737,0.3328951293514132,0.025504766688129225
175,176,175,60,42,1800.0,3,5400.0,64800.0,19.97370649332976,0.3328951082221627,0.15,4.0,60.0,1,0,1,1392.9543163724586,0.3328951188843459,0.02149620858599473
176,177,178,43,49,1800.0,3,5400.0,64800.0,15.581451612617991,0.25969086021029986,0.15,4.0,60.0,1,0,1,6481.064124849259,0.2596947581325695,0.10001642167977252
177,178,177,49,43,1800.0,3,5400.0,64800.0,15.581451612617991,0.25969086021029986,0.15,4.0,60.0,1,0,1,6010.397296436036,0.25969374331638306,0.09275304469808698
178,179,180,43,52,300.0,1,300.0,3600.0,26.11209336981935,0.8704031123273116,0.25,6.0,30.0,3,0,3,4.237177170311494,0.8704031123273116,0.0011769936584198593
179,180,179,52,43,300.0,1,300.0,3600.0,26.11209336981935,0.8704031123273116,0.25,6.0,30.0,3,0,3,22.314824786767602,0.8704031123273239,0.006198562440768779
180,181,182,43,54,1800.0,3,5400.0,64800.0,18.269399330018295,0.30448998883363826,0.15,4.0,60.0,1,0,1,5271.936968175266,0.30449198982443154,0.08135705197801336
181,182,181,54,43,1800.0,3,5400.0,64800.0,18.269399330018295,0.30448998883363826,0.15,4.0,60.0,1,0,1,4891.600678783054,0.3044914719261434,0.07548766479603478
182,183,184,43,55,900.0,2,1800.0,21600.0,10.081457143339327,0.22403238096309613,0.2,5.0,45.0,2,0,2,2067.635686291844,0.22403274107885823,0.09572387436536316
183,184,183,55,43,900.0,2,1800.0,21600.0,10.081457143339327,0.22403238096309613,0.2,5.0,45.0,2,0,2,1639.5161792295269,0.2240324938518212,0.0759035268161818
184,185,186,43,61,900.0,2,1800.0,21600.0,9.506559292412284,0.21125687316471742,0.2,5.0,45.0,2,0,2,2964.0855024232674,0.2112589291770881,0.13722618066774386
185,186,185,61,43,900.0,2,1800.0,21600.0,9.506559292412284,0.21125687316471742,0.2,5.0,45.0,2,0,2,2855.774372835035,0.21125857999974712,0.13221177652014052
186,187,188,43,62,300.0,1,300.0,3600.0,29.085092527036384,0.9695030842345461,0.25,6.0,30.0,3,0,3,50.578089750781764,0.9695030842364102,0.014049469375217156
187,188,187,62,43,300.0,1,300.0,3600.0,29.085092527036384,0.9695030842345461,0.25,6.0,30.0,3,0,3,37.70580856525656,0.969503084234866,0.010473835712571267
188,189,190,44,49,900.0,2,1800.0,21600.0,6.232267805798728,0.10387113009664548,0.15,4.0,60.0,1,0,2,9821.151602511209,0.10453704812267066,0.4546829445607041
189,190,189,49,44,900.0,2,1800.0,21600.0,6.232267805798728,0.10387113009664548,0.15,4.0,60.0,1,0,2,9300.898083413425,0.1044067672005688,0.4305971334913623
190,191,192,44,50,300.0,1,300.0,3600.0,17.216490272903588,0.5738830090967862,0.25,6.0,30.0,3,0,3,708.3328564614463,0.5738913338754335,0.1967591267948462
191,192,191,50,44,300.0,1,300.0,3600.0,17.216490272903588,0.5738830090967862,0.25,6.0,30.0,3,0,3,997.6983793169998,0.5739480136789886,0.2771384386991666
192,193,194,44,51,1800.0,3,5400.0,64800.0,16.566706135270977,0.27611176892118294,0.15,4.0,60.0,1,0,1,13268.123158589731,0.27618456602982394,0.20475498701527364
193,194,193,51,44,1800.0,3,5400.0,64800.0,16.566706135270977,0.27611176892118294,0.15,4.0,60.0,1,0,1,13729.274145967904,0.27619522663086415,0.2118715145982701
194,195,196,44,54,900.0,2,1800.0,21600.0,2.9574211163470587,0.06572046925215685,0.2,5.0,45.0,2,0,2,7537.814816395828,0.06578849748893682,0.3489729081664735
195,196,195,54,44,900.0,2,1800.0,21600.0,2.9574211163470587,0.06572046925215685,0.2,5.0,45.0,2,0,2,7916.054568279559,0.06580736645400491,0.3664840077907203
196,197,198,44,60,300.0,1,300.0,3600.0,16.25950292985635,0.5419834309952116,0.25,6.0,30.0,3,0,3,1144.2770361247622,0.5421231637137357,0.3178547322568784
197,198,197,60,44,300.0,1,300.0,3600.0,16.25950292985635,0.5419834309952116,0.25,6.0,30.0,3,0,3,1197.4016065846765,0.542166894646703,0.3326115573846324
198,199,200,45,52,300.0,1,300.0,3600.0,29.340469100521045,0.9780156366840348,0.25,6.0,30.0,3,0,3,57.85052841972319,0.9780156366882452,0.016069591227700887
199,200,199,52,45,300.0,1,300.0,3600.0,29.340469100521045,0.9780156366840348,0.25,6.0,30.0,3,0,3,51.97569588212023,0.9780156366862492,0.014437693300588953
200,201,202,45,53,300.0,1,300.0,3600.0,15.272636214592357,0.5090878738197452,0.25,6.0,30.0,3,0,3,196.66083146541928,0.5090878772021452,0.054628008740394245
201,202,201,53,45,300.0,1,300.0,3600.0,15.272636214592357,0.5090878738197452,0.25,6.0,30.0,3,0,3,188.70642847500636,0.5090878764599519,0.052418452354168435
202,203,204,45,58,900.0,2,1800.0,21600.0,15.391957204395355,0.3420434934310079,0.2,5.0,45.0,2,0,2,189.9051005727012,0.3420434934346015,0.008791902804291723
203,204,203,58,45,900.0,2,1800.0,21600.0,15.391957204395355,0.3420434934310079,0.2,5.0,45.0,2,0,2,159.54554693011832,0.34204349343251195,0.007386367913431404
204,205,206,45,63,300.0,1,300.0,3600.0,6.042936279781779,0.20143120932605932,0.25,6.0,30.0,3,0,3,1706.4237566345214,0.20200238946302715,0.4740065990651448
205,206,205,63,45,300.0,1,300.0,3600.0,6.042936279781779,0.20143120932605932,0.25,6.0,30.0,3,0,3,1756.3248189040635,0.20211022655653413,0.4878680052511287
206,207,208,46,56,1800.0,3,5400.0,64800.0,17.756649166696658,0.2959441527782776,0.15,4.0,60.0,1,0,1,2791.7274891255865,0.29594430570841934,0.043082214338357815
207,208,207,56,46,1800.0,3,5400.0,64800.0,17.756649166696658,0.2959441527782776,0.15,4.0,60.0,1,0,1,3207.298217352016,0.29594441919309206,0.04949534286037061
208,209,210,46,59,900.0,2,1800.0,21600.0,13.341127732713005,0.22235212887855008,0.15,4.0,60.0,1,0,2,2815.916006758885,0.22236176264985424,0.13036648179439284
209,210,209,59,46,900.0,2,1800.0,21600.0,13.341127732713005,0.22235212887855008,0.15,4.0,60.0,1,0,2,2809.655733829148,0.22236167726489836,0.13007665434394206
210,211,212,46,61,900.0,2,1800.0,21600.0,8.645645597777463,0.14409409329629105,0.15,4.0,60.0,1,0,2,6515.221357506202,0.14427300515829966,0.30163061840306493
211,212,211,61,46,900.0,2,1800.0,21600.0,8.645645597777463,0.14409409329629105,0.15,4.0,60.0,1,0,2,6314.114986424771,0.1442519170539279,0.29232013826040604
212,213,214,46,65,1800.0,3,5400.0,64800.0,11.429392342122988,0.19048987236871645,0.15,4.0,60.0,1,0,1,6262.790130977883,0.1904923654392205,0.09664799584842411
213,214,213,65,46,1800.0,3,5400.0,64800.0,11.429392342122988,0.19048987236871645,0.15,4.0,60.0,1,0,1,6106.580931449683,0.19049212585850975,0.09423736005323585
214,215,216,47,49,1800.0,3,5400.0,64800.0,23.87017740444955,0.39783629007415916,0.15,4.0,60.0,1,0,1,935.4937214015125,0.39783629266630327,0.01443663150310976
215,216,215,49,47,1800.0,3,5400.0,64800.0,23.87017740444955,0.39783629007415916,0.15,4.0,60.0,1,0,1,1003.448169989271,0.39783629350559124,0.015485311265266529
216,217,218,47,62,900.0,2,1800.0,21600.0,15.943276054275996,0.26572126757126663,0.15,4.0,60.0,1,0,2,911.835033788321,0.2657213941520174,0.04221458489760745
217,218,217,62,47,900.0,2,1800.0,21600.0,15.943276054275996,0.26572126757126663,0.15,4.0,60.0,1,0,2,785.9858954660372,0.26572133745266396,0.03638823590120543
218,219,220,48,57,1800.0,3,5400.0,64800.0,17.344303052522545,0.2890717175420424,0.15,4.0,60.0,1,0,1,833.3232510938541,0.28907171872795,0.012859926714411328
219,220,219,57,48,1800.0,3,5400.0,64800.0,17.344303052522545,0.2890717175420424,0.15,4.0,60.0,1,0,1,802.3398040577574,0.28907171856117386,0.01238178709965675
220,221,222,48,64,1800.0,3,5400.0,64800.0,11.391107680416962,0.18985179467361604,0.15,4.0,60.0,1,0,1,1353.35656784669,0.18985180009181415,0.02088513221985633
221,222,221,64,48,1800.0,3,5400.0,64800.0,11.391107680416962,0.18985179467361604,0.15,4.0,60.0,1,0,1,1095.23627220139,0.18985179699762186,0.016901794324095522
222,223,224,49,54,300.0,1,300.0,3600.0,5.960660091429545,0.19868866971431814,0.25,6.0,30.0,3,0,3,2480.438244615981,0.20400324568351275,0.6890106235044392
223,224,223,54,49,300.0,1,300.0,3600.0,5.960660091429545,0.19868866971431814,0.25,6.0,30.0,3,0,3,2812.4128730665952,0.20998071390101086,0.7812257980740542
224,225,226,49,62,900.0,2,1800.0,21600.0,30.678204418120735,0.5113034069686789,0.15,4.0,60.0,1,0,2,2126.046018866312,0.5113106055279337,0.09842805642899592
225,226,225,62,49,900.0,2,1800.0,21600.0,30.678204418120735,0.5113034069686789,0.15,4.0,60.0,1,0,2,2188.524361269441,0.5113114897435407,0.10132057228099264
226,227,228,50,51,900.0,2,1800.0,21600.0,5.243839286852804,0.11652976193006231,0.2,5.0,45.0,2,0,2,7624.4365920828295,0.11665747545275916,0.35298317555939024
227,228,227,51,50,900.0,2,1800.0,21600.0,5.243839286852804,0.11652976193006231,0.2,5.0,45.0,2,0,2,7721.856173920489,0.11666584579662137,0.35749334138520783
228,229,230,51,60,1800.0,3,5400.0,64800.0,14.793129165381877,0.24655215275636463,0.15,4.0,60.0,1,0,1,6509.80318987748,0.2465559195468924,0.1004599257697142
229,230,229,60,51,1800.0,3,5400.0,64800.0,14.793129165381877,0.24655215275636463,0.15,4.0,60.0,1,0,1,6674.481953757758,0.24655631541010906,0.10300126471848392
230,231,232,52,54,900.0,2,1800.0,21600.0,25.97793704605704,0.432965617434284,0.15,4.0,60.0,1,0,2,1898.236634685087,0.43296949117962585,0.08788132567986513
231,232,231,54,52,900.0,2,1800.0,21600.0,25.97793704605704,0.432965617434284,0.15,4.0,60.0,1,0,2,1664.525230913335,0.43296790772806826,0.07706135328302477
232,233,234,52,55,900.0,2,1800.0,21600.0,21.727176198330447,0.36211960330550746,0.15,4.0,60.0,1,0,2,6409.006256368067,0.36254061200750215,0.2967132526096327
233,234,233,55,52,900.0,2,1800.0,21600.0,21.727176198330447,0.36211960330550746,0.15,4.0,60.0,1,0,2,7232.940531110442,0.36280255166766656,0.3348583579217797
234,235,236,52,60,1800.0,3,5400.0,64800.0,20.313786705409264,0.3385631117568211,0.15,4.0,60.0,1,0,1,6539.432406646326,0.338568379093685,0.10091716676923343
235,236,235,60,52,1800.0,3,5400.0,64800.0,20.313786705409264,0.3385631117568211,0.15,4.0,60.0,1,0,1,7051.616872356585,0.33857023349012605,0.10882124803019422
236,237,238,53,57,1800.0,3,5400.0,64800.0,16.55459860427164,0.27590997673786066,0.15,4.0,60.0,1,0,1,1208.3430343153648,0.2759099817418873,0.018647269048076617
237,238,237,57,53,1800.0,3,5400.0,64800.0,16.55459860427164,0.27590997673786066,0.15,4.0,60.0,1,0,1,1188.2868905963742,0.2759099814178392,0.018337760657351453
238,239,240,53,58,1800.0,3,5400.0,64800.0,18.44367299316149,0.3073945498860248,0.15,4.0,60.0,1,0,1,249.0018114441745,0.3073945498960779,0.0038426205469780017
239,240,239,58,53,1800.0,3,5400.0,64800.0,18.44367299316149,0.3073945498860248,0.15,4.0,60.0,1,0,1,236.7003068421356,0.3073945498942337,0.00365278251299592
240,241,242,53,63,300.0,1,300.0,3600.0,13.498968280705272,0.4499656093568424,0.25,6.0,30.0,3,0,3,20.39529149838961,0.4499656093568461,0.00566535874955267
241,242,241,63,53,300.0,1,300.0,3600.0,13.498968280705272,0.4499656093568424,0.25,6.0,30.0,3,0,3,30.644829457712518,0.4499656093568851,0.008512452627142366
242,243,244,53,64,900.0,2,1800.0,21600.0,13.337638054059248,0.2963919567568722,0.2,5.0,45.0,2,0,2,195.82595611249388,0.2963919567605028,0.009066016486689532
243,244,243,64,53,900.0,2,1800.0,21600.0,13.337638054059248,0.2963919567568722,0.2,5.0,45.0,2,0,2,242.22208387035295,0.29639195676738445,0.011213985364368193
244,245,246,54,60,300.0,1,300.0,3600.0,15.329767432098807,0.5109922477366269,0.25,6.0,30.0,3,0,3,1168.390031714635,0.5111415499939732,0.3245527865873986
245,246,245,60,54,300.0,1,300.0,3600.0,15.329767432098807,0.5109922477366269,0.25,6.0,30.0,3,0,3,1264.5567188850143,0.5112322245025243,0.3512657552458373
246,247,248,55,56,900.0,2,1800.0,21600.0,21.821034035376876,0.48491186745281945,0.2,5.0,45.0,2,0,2,980.0309822727394,0.48491188610042524,0.045371804734849044
247,248,247,56,55,900.0,2,1800.0,21600.0,21.821034035376876,0.48491186745281945,0.2,5.0,45.0,2,0,2,813.173579633654,0.48491187478681014,0.03764692498303954
248,249,250,55,61,1800.0,3,5400.0,64800.0,5.321000435044084,0.08868334058406807,0.15,4.0,60.0,1,0,1,6033.250123213858,0.08868434021250303,0.09310571177799164
249,250,249,61,55,1800.0,3,5400.0,64800.0,5.321000435044084,0.08868334058406807,0.15,4.0,60.0,1,0,1,6829.570957009481,0.08868498195586141,0.10539461353409693
250,251,252,56,57,1800.0,3,5400.0,64800.0,38.43572779539259,0.6405954632565432,0.15,4.0,60.0,1,0,1,896.2743788326609,0.6405954667732732,0.013831394735071927
251,252,251,57,56,1800.0,3,5400.0,64800.0,38.43572779539259,0.6405954632565432,0.15,4.0,60.0,1,0,1,871.5690562259716,0.6405954664012654,0.013450139756573637
252,253,254,56,59,1800.0,3,5400.0,64800.0,23.917641497194733,0.39862735828657886,0.15,4.0,60.0,1,0,1,437.522510643987,0.398627358410847,0.006751890596357824
253,254,253,59,56,1800.0,3,5400.0,64800.0,23.917641497194733,0.39862735828657886,0.15,4.0,60.0,1,0,1,462.83374486107414,0.3986273584421963,0.007142496062670897
254,255,256,56,61,900.0,2,1800.0,21600.0,21.25282035597877,0.47228489679952823,0.2,5.0,45.0,2,0,2,1588.60420769114,0.47228510005574603,0.07354649109681204
255,256,255,61,56,900.0,2,1800.0,21600.0,21.25282035597877,0.47228489679952823,0.2,5.0,45.0,2,0,2,1361.5632076146283,0.47228499080525993,0.06303533368586242
256,257,258,57,58,900.0,2,1800.0,21600.0,34.99508265516009,0.777668503448002,0.2,5.0,45.0,2,0,2,0.0,0.777668503448002,0.0
257,258,257,58,57,900.0,2,1800.0,21600.0,34.99508265516009,0.777668503448002,0.2,5.0,45.0,2,0,2,0.0,0.777668503448002,0.0
258,259,260,57,59,1800.0,3,5400.0,64800.0,62.225081850577254,1.0370846975096208,0.15,4.0,60.0,1,0,1,101.5216418255467,1.037084697510558,0.0015666920034806589
259,260,259,59,57,1800.0,3,5400.0,64800.0,62.225081850577254,1.0370846975096208,0.15,4.0,60.0,1,0,1,94.02502727890557,1.0370846975103105,0.001451003507390518
260,261,262,57,64,900.0,2,1800.0,21600.0,10.288700967632316,0.1714783494605386,0.15,4.0,60.0,1,0,2,2591.13080791687,0.1714836759724321,0.11995975962578101
261,262,261,64,57,900.0,2,1800.0,21600.0,10.288700967632316,0.1714783494605386,0.15,4.0,60.0,1,0,2,2742.580666969813,0.17148503479577834,0.1269713271745284
262,263,264,59,65,1800.0,3,5400.0,64800.0,3.9535499989927936,0.06589249998321323,0.15,4.0,60.0,1,0,1,3106.924247893951,0.0658925522168036,0.047946361850215294
263,264,263,65,59,1800.0,3,5400.0,64800.0,3.9535499989927936,0.06589249998321323,0.15,4.0,60.0,1,0,1,3116.2689111219197,0.06589255284805404,0.04809056961607901
